id,lig_id,lig_name,formula,mol_weight,inchi_key
,HG,MERCURY (II) ION,HG 2,200.59,BQPIGGFYSBELGY-UHFFFAOYSA-N
,NAG,N-ACETYL-D-GLUCOSAMINE,C8 H15 N O6,221.21,OVRNDRQMDRJTHS-FMDGEEDCSA-N
,RET,RETINAL,C20 H28 O,284.44,NCYCYZXNIZJOKI-OVSJKPMPSA-N
,ZN,ZINC ION,ZN 2,65.41,PTFCDOFLOPIGGS-UHFFFAOYSA-N
,MAN,ALPHA-D-MANNOSE,C6 H12 O6,180.16,WQZGKKKJIJFFOK-PQMKYFCFSA-N
,ACE,ACETYL GROUP,C2 H4 O,44.05,IKHGUXGNUITLKF-UHFFFAOYSA-N
,BMA,BETA-D-MANNOSE,C6 H12 O6,180.16,WQZGKKKJIJFFOK-RWOPYEJCSA-N
,C8E,(HYDROXYETHYLOXY)TRI(ETHYLOXY)OCTANE,C16 H34 O5,306.44,FEOZZFHAVXYAMB-UHFFFAOYSA-N
,LDA,LAURYL DIMETHYLAMINE-N-OXIDE,C14 H31 N O,229.4,SYELZBGXAIXKHU-UHFFFAOYSA-N
,PEF,DI-PALMITOYL-3-SN-PHOSPHATIDYLETHANOLAMINE,C37 H74 N O8 P,691.96,SLKDGVPOSSLUAI-PGUFJCEWSA-N
,PLM,PALMITIC ACID,C16 H32 O2,256.42,IPCSVZSSVZVIGE-UHFFFAOYSA-N
,BNG,B-NONYLGLUCOSIDE,C15 H30 O6,306.39,QFAPUKLCALRPLH-UXXRCYHCSA-N
,HTO,"HEPTANE-1,2,3-TRIOL",C7 H16 O3,148.2,HXYCHJFUBNTKQR-RNFRBKRXSA-N
,HTG,HEPTYL 1-THIOHEXOPYRANOSIDE,C13 H26 O5 S,294.41,HPEGNLMTTNTJSP-LBELIVKGSA-N
,NDG,2-(ACETYLAMINO)-2-DEOXY-A-D-GLUCOPYRANOSE,C8 H15 N O6,221.21,OVRNDRQMDRJTHS-PVFLNQBWSA-N
,12P,DODECAETHYLENE GLYCOL,C24 H50 O13,546.65,WRZXKWFJEFFURH-UHFFFAOYSA-N
,ACM,ACETAMIDE,C2 H5 N O,59.07,DLFVBJFMPXGRIB-UHFFFAOYSA-N
,BU1,"1,4-BUTANEDIOL",C4 H10 O2,90.12,WERYXYBDKMZEQL-UHFFFAOYSA-N
,CAU,(2S)-1-(9H-CARBAZOL-4-YLOXY)-3-(ISOPROPYLAMINO)PROPAN-2-OL,C18 H22 N2 O2,298.38,BQXQGZPYHWWCEB-ZDUSSCGKSA-N
,CLR,CHOLESTEROL,C27 H46 O,386.65,HVYWMOMLDIMFJA-DPAQBDIFSA-N
,MAL,MALTOSE,C12 H22 O11,342.3,GUBGYTABKSRVRQ-ASMJPISFSA-N
,SO4,SULFATE ION,O4 S -2,96.06,QAOWNCQODCNURD-UHFFFAOYSA-L
,D10,DECANE,C10 H22,142.28,DIOQZVSQGTUSAI-UHFFFAOYSA-N
,P32,4-{[(2S)-3-(TERT-BUTYLAMINO)-2-HYDROXYPROPYL]OXY}-3H-INDOLE-2-CARBONITRILE,C16 H21 N3 O2,287.36,CQEFAUFOQSCRMZ-LBPRGKRZSA-N
,SOG,"2-HYDROXYMETHYL-6-OCTYLSULFANYL-TETRAHYDRO-PYRAN-3,4,5-TRIOL",C14 H28 O5 S,308.43,CGVLVOOFCGWBCS-RGDJUOJXSA-N
,ACT,ACETATE ION,C2 H3 O2 -1,59.04,QTBSBXVTEAMEQO-UHFFFAOYSA-M
,BOG,B-OCTYLGLUCOSIDE,C14 H28 O6,292.37,HEGSGKPQLMEBJL-RKQHYHRCSA-N
,LPP,2-(HEXADECANOYLOXY)-1-[(PHOSPHONOOXY)METHYL]ETHYL HEXADECANOATE,C35 H69 O8 P,648.89,PORPENFLTBBHSG-MGBGTMOVSA-N
,2CV,HEGA-10,C18 H37 N O7,379.49,ITEIKACYSCODFV-ATLSCFEFSA-N
,Y00,DOBUTAMINE,C18 H23 N O3,301.38,JRWZLRBJNMZMFE-CYBMUJFWSA-N
,Y01,CHOLESTEROL HEMISUCCINATE,C31 H50 O4,486.73,WLNARFZDISHUGS-MIXBDBMTSA-N
,WHJ,CARMOTEROL,C21 H24 N2 O4,368.43,IHOXNOQMRZISPV-YJYMSZOUSA-N
,5FW,ISOPRENALINE,C11 H17 N O3,211.26,JWZZKOKVBUJMES-NSHDSACASA-N
,68H,SALBUTAMOL,C13 H21 N O3,239.31,NDAUXUAQIAJITI-LBPRGKRZSA-N
,I32,4-{[(2S)-3-(TERT-BUTYLAMINO)-2-HYDROXYPROPYL]OXY}-3-IODO-1H-INDOLE-2-CARBONITRILE,C16 H20 I N3 O2,413.25,JBLUMBNIBNHRSO-JTQLQIEISA-N
,ADN,ADENOSINE,C10 H13 N5 O4,267.24,OIRDTQYFTABQOQ-KQYNXXCUSA-N
,NEC,N-ETHYL-5'-CARBOXAMIDO ADENOSINE,C12 H16 N6 O4,308.29,JADDQZYHOWSFJD-FLNNQWSLSA-N
,TWT,DOCOSANE,C22 H46,310.6,HOWGUJZVBDQJKV-UHFFFAOYSA-N
,PC1,"1,2-DIACYL-SN-GLYCERO-3-PHOSPHOCHOLINE",C44 H88 N O8 P,790.15,NRJAVPSFFCBXDT-HUESYALOSA-N
,BGL,B-2-OCTYLGLUCOSIDE,C14 H28 O6,292.37,BVHPDIWLWHHJPD-RKQHYHRCSA-N
,OLC,"(2R)-2,3-DIHYDROXYPROPYL (9Z)-OCTADEC-9-ENOATE",C21 H40 O4,356.54,RZRNAYUHWVFMIP-GDCKJWNLSA-N
,TIM,"(2S)-1-(TERT-BUTYLAMINO)-3-[(4-MORPHOLIN-4-YL-1,2,5-THIADIAZOL-3-YL)OXY]PROPAN-2-OL",C13 H24 N4 O3 S,316.42,BLJRIMJGRPQVNF-JTQLQIEISA-N
,STE,STEARIC ACID,C18 H36 O2,284.48,QIQXTHQIDYTFRH-UHFFFAOYSA-N
,ZMA,"4-{2-[(7-AMINO-2-FURAN-2-YL[1,2,4]TRIAZOLO[1,5-A][1,3,5]TRIAZIN-5-YL)AMINO]ETHYL}PHENOL",C16 H15 N7 O2,337.34,PWTBZOIUWZOPFT-UHFFFAOYSA-N
,JRZ,"(2S,3S)-1-[(7-METHYL-2,3-DIHYDRO-1H-INDEN-4-YL)OXY]-3-[(1-METHYLETHYL)AMINO]BUTAN-2-OL",C17 H27 N O2,277.4,VFIDUCMKNJIJTO-XJKSGUPXSA-N
,OLA,OLEIC ACID,C18 H34 O2,282.46,ZQPPMHVWECSIRJ-KTKRTIGZSA-N
,PGE,TRIETHYLENE GLYCOL,C6 H14 O4,150.17,ZIBGPFATKBEMQZ-UHFFFAOYSA-N
,JSZ,ETHYL 4-({(2S)-2-HYDROXY-3-[(1-METHYLETHYL)AMINO]PROPYL}OXY)-3-METHYL-1-BENZOFURAN-2-CARBOXYLATE,C18 H25 N O5,335.39,QVJVMNUTCGTBCH-ZDUSSCGKSA-N
,JTZ,(2S)-1-[(1-METHYLETHYL)AMINO]-3-(2-PROP-2-EN-1-YLPHENOXY)PROPAN-2-OL,C15 H23 N O2,249.35,PAZJSJFMUHDSTF-AWEZNQCLSA-N
,4E6,"(4E,6E)-HEXADECA-1,4,6-TRIENE",C16 H28,220.39,OPBISVRDVDRVHM-PTSVWTKZSA-N
,ID3,"(3E)-4-(2,6,6-TRIMETHYLCYCLOHEX-1-EN-1-YL)BUT-3-EN-2-ONE",C13 H20 O,192.3,PSQYTAPXSHCGMF-BQYQJAHWSA-N
,ITD,"(6,6-DIMETHYL-5,6-DIHYDROIMIDAZO[2,1-B][1,3]THIAZOL-3-YL)METHYL N,N'-DICYCLOHEXYLIMIDOTHIOCARBAMATE",C21 H34 N4 S2,406.65,OOSUDWRRWZVFEB-UHFFFAOYSA-N
,ALN,NAPHTHALEN-2-YL-3-ALANINE,C13 H13 N O2,215.25,OFYAYGJCPXRNBL-LBPRGKRZSA-N
,CIR,CITRULLINE,C6 H13 N3 O3,175.19,RHGKLRLOHDJJDR-BYPYZUCNSA-N
,DPR,D-PROLINE,C5 H9 N O2,115.13,ONIBWKKTOPOVIA-SCSAIBSYSA-N
,GOL,GLYCEROL,C3 H8 O3,92.09,PEDCQBHIVMGVHV-UHFFFAOYSA-N
,P0G,"8-[(1R)-2-{[1,1-DIMETHYL-2-(2-METHYLPHENYL)ETHYL]AMINO}-1-HYDROXYETHYL]-5-HYDROXY-2H-1,4-BENZOXAZIN-3(4H)-ONE",C21 H26 N2 O4,370.44,NWQXBEWHTDRJIP-KRWDZBQOSA-N
,ETQ,3-CHLORO-5-ETHYL-N-{[(2S)-1-ETHYLPYRROLIDIN-2-YL]METHYL}-6-HYDROXY-2-METHOXYBENZAMIDE,C17 H25 CL N2 O3,340.85,AADCDMQTJNYOSS-LBPRGKRZSA-N
,ERC,8-HYDROXY-5-[(1R)-1-HYDROXY-2-({2-[3-METHOXY-4-(3-SULFANYLPROPOXY)PHENYL]ETHYL}AMINO)ETHYL]QUINOLIN-2(1H)-ONE,C23 H28 N2 O5 S,444.54,WAQRESHSGHIXBV-IBGZPJMESA-N
,TRE,TREHALOSE,C12 H22 O11,342.3,HDTRYLNUVZCQOY-LIZSDCNHSA-N
,UKA,"6-(2,2-DIPHENYLETHYLAMINO)-9-[(2R,3R,4S,5S)-5-(ETHYLCARBAMOYL)-3,4-DIHYDROXY-OXOLAN-2-YL]-N-[2-[(1-PYRIDIN-2-YLPIPERIDIN-4-YL)CARBAMOYLAMINO]ETHYL]PURINE-2-CARBOXAMIDE",C40 H47 N11 O6,777.87,ZOTHAEBAWXWVID-HXEFRTELSA-N
,XAC,"N-(2-AMINOETHYL)-2-[4-(2,6-DIOXO-1,3-DIPROPYL-2,3,6,7-TETRAHYDRO-1H-PURIN-8-YL)PHENOXY]ACETAMIDE",C21 H28 N6 O4,428.48,FIQGIOAELHTLHM-UHFFFAOYSA-N
,CFF,CAFFEINE,C8 H10 N4 O2,194.19,RYYVLZVUVIJVGH-UHFFFAOYSA-N
,5EH,"(3E)-3-(DIBENZO[B,E]OXEPIN-11(6H)-YLIDENE)-N,N-DIMETHYLPROPAN-1-AMINE",C19 H21 N O,279.38,ODQWQRRAPPTVAG-GZTJUZNOSA-N
,D7V,"(3Z)-3-(DIBENZO[B,E]OXEPIN-11(6H)-YLIDENE)-N,N-DIMETHYLPROPAN-1-AMINE",C19 H21 N O,279.38,ODQWQRRAPPTVAG-BOPFTXTBSA-N
,PO4,PHOSPHATE ION,O4 P -3,94.97,NBIIXXVUZAFLBC-UHFFFAOYSA-K
,BGC,BETA-D-GLUCOSE,C6 H12 O6,180.16,WQZGKKKJIJFFOK-VFUOTHLCSA-N
,CL,CHLORIDE ION,CL -1,35.45,VEXZGXHMUGYJMC-UHFFFAOYSA-M
,QNB,(3R)-1-AZABICYCLO[2.2.2]OCT-3-YL HYDROXY(DIPHENYL)ACETATE,C21 H23 N O3,337.41,HGMITUYOCPPQLE-IBGZPJMESA-N
,T4G,"6-(2,6-DIMETHYLPYRIDIN-4-YL)-5-PHENYL-1,2,4-TRIAZIN-3-AMINE",C16 H15 N5,277.32,SORFNYWLKDSNNF-UHFFFAOYSA-N
,T4E,"4-(3-AMINO-5-PHENYL-1,2,4-TRIAZIN-6-YL)-2-CHLOROPHENOL",C15 H11 CL N4 O,298.73,ZHUZHTHIEMXLRA-UHFFFAOYSA-N
,ML5,{(3R)-3-AMINO-4-[(3-HEXYLPHENYL)AMINO]-4-OXOBUTYL}PHOSPHONIC ACID,C16 H27 N2 O4 P,342.37,FWJRVGZWNDOOFH-OAHLLOKOSA-N
,LMT,DODECYL-BETA-D-MALTOSIDE,C24 H46 O11,510.61,NLEBIOOXCVAHBD-QKMCSOCLSA-N
,VPX,"ETHYL [(1R,3AR,4AR,6R,8AR,9S,9AS)-9-{(E)-2-[5-(3-FLUOROPHENYL)PYRIDIN-2-YL]ETHENYL}-1-METHYL-3-OXODODECAHYDRONAPHTHO[2,3-C]FURAN-6-YL]CARBAMATE",C29 H33 F N2 O4,492.58,ZBGXUVOIWDMMJE-QHNZEKIYSA-N
,GLY,GLYCINE,C2 H5 N O2,75.07,DHMQDGOQFOQNFH-UHFFFAOYSA-N
,XF5,4-(PIPERAZIN-1-YL)-1H-INDOLE,C12 H15 N3,201.27,YZKSXUIOKWQABW-UHFFFAOYSA-N
,3WC,4-METHYL-2-(PIPERAZIN-1-YL) QUINOLINE,C14 H17 N3,227.3,LCRABWZMGNEZJV-UHFFFAOYSA-N
,G90,2-[(2S)-3-[[1-(1H-INDOL-3-YL)-2-METHYL-PROPAN-2-YL]AMINO]-2-OXIDANYL-PROPOXY]BENZENECARBONITRILE,C22 H25 N3 O2,363.45,FBMYKMYQHCBIGU-SFHVURJKSA-N
,CVD,(2S)-1-(8H-CARBAZOL-4-YLOXY)-3-[2-(2-METHOXYPHENOXY)ETHYLAMINO]PROPAN-2-OL,C24 H26 N2 O4,406.47,OGHNVEJMJSYVRP-KRWDZBQOSA-N
,MHA,(CARBAMOYLMETHYL-CARBOXYMETHYL-AMINO)-ACETIC ACID,C6 H10 N2 O5,190.15,QZTKDVCDBIDYMD-UHFFFAOYSA-N
,0HK,"(1R,2R,4S,5S,7S)-7-{[HYDROXY(DITHIOPHEN-2-YL)ACETYL]OXY}-9,9-DIMETHYL-3-OXA-9-AZONIATRICYCLO[3.3.1.0~2,4~]NONANE",C19 H22 N O4 S2 1,392.51,LERNTVKEWCAPOY-DZZGSBJMSA-N
,CIT,CITRIC ACID,C6 H8 O7,192.12,KRKNYBCHXYNGOX-UHFFFAOYSA-N
,JDC,"(3R)-7-HYDROXY-N-{(2S)-1-[(3R,4R)-4-(3-HYDROXYPHENYL)-3,4-DIMETHYLPIPERIDIN-1-YL]-3-METHYLBUTAN-2-YL}-1,2,3,4-TETRAHYDROISOQUINOLINE-3-CARBOXAMIDE",C28 H39 N3 O3,465.63,ZLVXBBHTMQJRSX-VMGNSXQWSA-N
,PEG,DI(HYDROXYETHYL)ETHER,C4 H10 O3,106.12,MTHSVFCYNBDYFN-UHFFFAOYSA-N
,1PE,PENTAETHYLENE GLYCOL,C10 H22 O6,238.28,JLFNLZLINWHATN-UHFFFAOYSA-N
,BF0,"METHYL 4-{[(5BETA,6ALPHA)-17-(CYCLOPROPYLMETHYL)-3,14-DIHYDROXY-4,5-EPOXYMORPHINAN-6-YL]AMINO}-4-OXOBUTANOATE",C25 H32 N2 O6,456.53,PGIBGSVRAVGQMY-OIUZVZFJSA-N
,MPG,"[(Z)-OCTADEC-9-ENYL] (2R)-2,3-BIS(OXIDANYL)PROPANOATE",C21 H40 O4,356.54,JPJYKWFFJCWMPK-GDCKJWNLSA-N
,0NN,"1-BENZYL-N-[3-(1'H,3H-SPIRO[2-BENZOFURAN-1,4'-PIPERIDIN]-1'-YL)PROPYL]-D-PROLINAMIDE",C27 H35 N3 O2,433.59,MAKMQGKJURAJEN-RUZDIDTESA-N
,OLB,"(2S)-2,3-DIHYDROXYPROPYL (9Z)-OCTADEC-9-ENOATE",C21 H40 O4,356.54,RZRNAYUHWVFMIP-QJRAZLAKSA-N
,EJ4,"(4BS,8R,8AS,14BR)-7-(CYCLOPROPYLMETHYL)-5,6,7,8,14,14B-HEXAHYDRO-4,8-METHANO[1]BENZOFURO[2,3-A]PYRIDO[4,3-B]CARBAZOLE-1,8A(9H)-DIOL",C26 H26 N2 O3,414.5,WIYUZYBFCWCCQJ-IFKAHUTRSA-N
,EPE,4-(2-HYDROXYETHYL)-1-PIPERAZINE ETHANESULFONIC ACID,C8 H18 N2 O4 S,238.3,JKMHFZQWWAIEOD-UHFFFAOYSA-N
,2GM,DIHYDROERGOTAMINE,C33 H37 N5 O5,583.68,LUZRJRNZXALNLM-JGRZULCMSA-N
,ERM,ERGOTAMINE,C33 H35 N5 O5,581.66,XCGSFFUVFURLIX-VFGNJEKYSA-N
,1KS,4-FLUORO-N-METHYL-N-{1-[4-(1-METHYL-1H-PYRAZOL-5-YL)PHTHALAZIN-1-YL]PIPERIDIN-4-YL}-2-(TRIFLUOROMETHYL)BENZAMIDE,C26 H24 F4 N6 O,512.5,SZBGQDXLNMELTB-UHFFFAOYSA-N
,PG4,TETRAETHYLENE GLYCOL,C8 H18 O5,194.23,UWHCKJMYHZGTIT-UHFFFAOYSA-N
,1Q5,"3,6-DIMETHYL-N-(PENTAN-3-YL)-2-(2,4,6-TRIMETHYLPHENOXY)PYRIDIN-4-AMINE",C21 H30 N2 O,326.48,VIZBSVDBNLAVAW-UHFFFAOYSA-N
,PGW,"(1R)-2-{[(S)-{[(2S)-2,3-DIHYDROXYPROPYL]OXY}(HYDROXY)PHOSPHORYL]OXY}-1-[(HEXADECANOYLOXY)METHYL]ETHYL (9Z)-OCTADEC-9-ENOATE",C40 H77 O10 P,749.01,PAZGBAOHGQRCBP-HGWHEPCSSA-N
,1WV,"(2S)-2,3-DIHYDROXYPROPYL (7Z)-TETRADEC-7-ENOATE",C17 H32 O4,300.43,LVBAGTJIDOCNIJ-INIZCTEOSA-N
,XQC,"4-[(1R)-1-HYDROXY-2-{[1-(4-HYDROXYPHENYL)-2-METHYLPROPAN-2-YL]AMINO}ETHYL]BENZENE-1,2-DIOL",C18 H23 N O4,317.38,CTXHFGIUMIBAFO-KRWDZBQOSA-N
,ALE,L-EPINEPHRINE,C9 H13 N O3,183.2,UCTWMZQNUQWSLP-VIFPVBQESA-N
,MRV,"4,4-DIFLUORO-N-[(1S)-3-{(3-EXO)-3-[3-METHYL-5-(PROPAN-2-YL)-4H-1,2,4-TRIAZOL-4-YL]-8-AZABICYCLO[3.2.1]OCT-8-YL}-1-PHENYLPROPYL]CYCLOHEXANECARBOXAMIDE",C29 H41 F2 N5 O,513.67,GSNHKUDZZFZSJB-QYOOZWMWSA-N
,IXO,"4-(4,5-DIHYDRO-1,2-OXAZOL-3-YLOXY)-N,N,N-TRIMETHYLBUT-2-YN-1-AMINIUM",C10 H17 N2 O2 1,197.25,WXXOCGISBCTWPW-UHFFFAOYSA-N
,2CU,"3-AMINO-5-CHLORO-N-CYCLOPROPYL-4-METHYL-6-[2-(4-METHYLPIPERAZIN-1-YL)-2-OXOETHOXY]THIENO[2,3-B]PYRIDINE-2-CARBOXAMIDE",C19 H24 CL N5 O3 S,437.94,TYTGOXSAAQWLPJ-UHFFFAOYSA-N
,SNT,"(E)-N-(4-BENZYLPIPERAZIN-1-YL)-1-(3,5-DIMETHYL-1-PHENYL-1H-PYRAZOL-4-YL)METHANIMINE",C23 H27 N5,373.49,FOORCIAZMIWALX-JJIBRWJFSA-N
,TLA,L(+)-TARTARIC ACID,C4 H6 O6,150.09,FEWJPZIEWOKRBE-JCYAYHJZSA-N
,DGA,DIACYL GLYCEROL,C39 H76 O5,625.02,UHUSDOQQWJGJQS-QNGWXLTQSA-N
,TRS,"2-AMINO-2-HYDROXYMETHYL-PROPANE-1,3-DIOL",C4 H12 N O3 1,122.14,LENZDBCJOHFCAS-UHFFFAOYSA-O
,AZJ,ETHYL 6-{4-[(BENZYLSULFONYL)CARBAMOYL]PIPERIDIN-1-YL}-5-CYANO-2-METHYLPYRIDINE-3-CARBOXYLATE,C23 H26 N4 O5 S,470.54,NEMHKCNXXRQYRF-UHFFFAOYSA-N
,CY8,CYCLOPAMINE,C27 H41 N O2,411.62,QASFUMOKHFSJGL-LAFRSMQTSA-N
,2U8,MAVOGLURANT,C19 H23 N O3,313.39,ZFPZEYHRWGMJCV-ZHALLVOQSA-N
,MES,2-(N-MORPHOLINO)-ETHANESULFONIC ACID,C6 H13 N O4 S,195.24,SXGZJKUKBWWHRA-UHFFFAOYSA-N
,YCM,S-(2-AMINO-2-OXOETHYL)-L-CYSTEINE,C5 H10 N2 O3 S,178.21,VFKYKPOTSJWPIU-VKHMYHEASA-N
,FM9,"4-FLUORO-N-METHYL-N-{4-[6-(PROPAN-2-YLAMINO)PYRIMIDIN-4-YL]-1,3-THIAZOL-2-YL}BENZAMIDE",C18 H18 F N5 O S,371.43,WIVGIKIKQHUFOD-UHFFFAOYSA-N
,2YB,"[(3S)-6-({2',6'-DIMETHYL-4'-[3-(METHYLSULFONYL)PROPOXY]BIPHENYL-3-YL}METHOXY)-2,3-DIHYDRO-1-BENZOFURAN-3-YL]ACETIC ACID",C29 H32 O7 S,524.62,BZCALJIHZVNMGJ-HSZRJFAPSA-N
,DMS,DIMETHYL SULFOXIDE,C2 H6 O S,78.13,IAZDPXIOMUYVGZ-UHFFFAOYSA-N
,6AD,2-(METHYLSULFANYL)ADENOSINE 5'-(TRIHYDROGEN DIPHOSPHATE),C11 H17 N5 O10 P2 S,473.29,WLMZTKAZJUWXCB-KQYNXXCUSA-N
,6AT,2-(METHYLSULFANYL)ADENOSINE 5'-(TETRAHYDROGEN TRIPHOSPHATE),C11 H18 N5 O13 P3 S,553.27,XNOBOKJVOTYSJV-KQYNXXCUSA-N
,A8T,2-{6-[4-(4-BENZYLPHTHALAZIN-1-YL)PIPERAZIN-1-YL]PYRIDIN-3-YL}PROPAN-2-OL,C27 H29 N5 O,439.55,KSWYJUIFHPSZOL-UHFFFAOYSA-N
,SG8,"3-CHLORO-4,7-DIFLUORO-N-[TRANS-4-(METHYLAMINO)CYCLOHEXYL]-N-[3-(PYRIDIN-4-YL)BENZYL]-1-BENZOTHIOPHENE-2-CARBOXAMIDE",C28 H26 CL F2 N3 O S,526.04,RXZDWPYJFCAZCW-MEMLXQNLSA-N
,35V,"4-[(1R)-1-HYDROXY-2-({2-[3-METHOXY-4-(2-SULFANYLETHOXY)PHENYL]ETHYL}AMINO)ETHYL]BENZENE-1,2-DIOL",C19 H25 N O5 S,379.47,ABMSPPLJHILUDP-KRWDZBQOSA-N
,DI7,"2,6-DIMETHYL-L-TYROSINE",C11 H15 N O3,209.24,LSNDLIKCFHLFKO-JTQLQIEISA-N
,DI8,"(3S)-1,2,3,4-TETRAHYDROISOQUINOLINE-3-CARBOXYLIC ACID",C10 H11 N O2,177.2,BWKMGYQJPOAASG-VIFPVBQESA-N
,NH2,AMINO GROUP,H2 N,16.02,QGZKDVFQNNGYKY-UHFFFAOYAF
,SUV,"[(7R)-4-(5-CHLORO-1,3-BENZOXAZOL-2-YL)-7-METHYL-1,4-DIAZEPAN-1-YL][5-METHYL-2-(2H-1,2,3-TRIAZOL-2-YL)PHENYL]METHANONE",C23 H23 CL N6 O2,450.92,JYTNQNCOQXFQPK-MRXNPFEDSA-N
,P6G,HEXAETHYLENE GLYCOL,C12 H26 O7,282.33,IIRDTKBZINWQAW-UHFFFAOYSA-N
,TAR,D(-)-TARTARIC ACID,C4 H6 O6,150.09,FEWJPZIEWOKRBE-LWMBPPNESA-N
,3C0,N-METHYL SCOPOLAMINE,C18 H24 N O4 1,318.39,LZCOQTDXKCNBEE-IKIFYQGPSA-N
,NGI,2-[P-(2-CARBOXYETHYL)PHENYLETHYL-AMINO]-5'-N-ETHYLCARBOXAMIDO ADENOSINE,C23 H29 N7 O6,499.52,PAOANWZGLPPROA-RQXXJAGISA-N
,FLC,CITRATE ANION,C6 H5 O7 -3,189.1,KRKNYBCHXYNGOX-UHFFFAOYSA-K
,BUR,1-[2-(2-TERT-BUTYLPHENOXY)PYRIDIN-3-YL]-3-[4-(TRIFLUOROMETHOXY)PHENYL]UREA,C23 H22 F3 N3 O3,445.43,AHFLGPTXSIRAQK-UHFFFAOYSA-N
,2ID,"[(1R,2S,4S,5S)-4-[2-IODO-6-(METHYLAMINO)-9H-PURIN-9-YL]-2-(PHOSPHONOOXY)BICYCLO[3.1.0]HEX-1-YL]METHYL DIHYDROGEN PHOSPHATE",C13 H18 I N5 O8 P2,561.16,NMVWLEUONAKGCD-SMWKGLLFSA-N
,SIN,SUCCINIC ACID,C4 H6 O4,118.09,KDYFGRWQOYBRFD-UHFFFAOYSA-N
,PCA,PYROGLUTAMIC ACID,C5 H7 N O3,129.11,ODHCTXKNWHHXJC-VKHMYHEASA-N
,ZD7,"5,7-DIETHYL-1-{[2'-(1H-TETRAZOL-5-YL)BIPHENYL-4-YL]METHYL}-3,4-DIHYDRO-1,6-NAPHTHYRIDIN-2(1H)-ONE",C26 H26 N6 O,438.52,BFVNEYDCFJNLGN-UHFFFAOYSA-N
,ON7,"{1-[(2S,3S)-2-(2,3-DIHYDRO-1H-INDEN-2-YLMETHYL)-3-(3,5-DIMETHOXY-4-METHYLPHENYL)-3-HYDROXYPROPYL]-4-(METHOXYCARBONYL)-1H-PYRROL-3-YL}ACETIC ACID",C30 H35 N O7,521.6,PMPFDANPLYTSTM-PWUYWRBVSA-N
,ON9,"3-{1-[(2S,3S)-3-(4-ACETYL-3,5-DIMETHOXYPHENYL)-2-(2,3-DIHYDRO-1H-INDEN-2-YLMETHYL)-3-HYDROXYPROPYL]-4-(METHOXYCARBONYL)-1H-PYRROL-3-YL}PROPANOIC ACID",C32 H37 N O8,563.64,URHZQBASTULQKJ-VVFBEHOQSA-N
,ON3,"1-(4-{[(2S,3R)-2-(2,3-DIHYDRO-1H-INDEN-2-YLOXY)-3-(3,5-DIMETHOXY-4-METHYLPHENYL)-3-HYDROXYPROPYL]OXY}PHENYL)CYCLOPROPANECARBOXYLIC ACID",C31 H34 O7,518.6,FVESDCZDESZGHA-URLMMPGGSA-N
,4OT,"[5-(2-FLUOROPHENYL)-2-METHYL-1,3-THIAZOL-4-YL]{(2S)-2-[(5-PHENYL-1,3,4-OXADIAZOL-2-YL)METHYL]PYRROLIDIN-1-YL}METHANONE",C24 H21 F N4 O2 S,448.51,HYBZWVLPALMACV-KRWDZBQOSA-N
,OLM,OLMESARTAN,C24 H26 N6 O3,446.5,VTRAEEWXHOVJFV-UHFFFAOYSA-N
,XTK,4-[(2S)-3-(TERT-BUTYLAMINO)-2-HYDROXYPROPOXY]-7-METHYL-1H-INDOLE-2-CARBONITRILE,C17 H23 N3 O2,301.38,NDCOGBYMSDLXAU-ZDUSSCGKSA-N
,4VO,"(2S,3S,3AR,5AR,6R,11BR,11CS)-3A-METHOXY-3,14-DIMETHYL-2-PHENYL-2,3,3A,6,7,11C-HEXAHYDRO-1H-6,11B-(EPIMINOETHANO)-3,5A-METHANONAPHTHO[2,1-G]INDOL-10-OL",C28 H32 N2 O2,428.57,RGJHUVJQGAAZLK-CLYKQLRXSA-N
,51D,3-CHLORO-4-FLUORO-5-[6-(1H-PYRAZOL-1-YL)PYRIMIDIN-4-YL]BENZONITRILE,C14 H7 CL F N5,299.69,UPDNOLJVPHHECL-UHFFFAOYSA-N
,51E,3-CHLORO-5-[6-(5-FLUOROPYRIDIN-2-YL)PYRIMIDIN-4-YL]BENZONITRILE,C16 H8 CL F N4,310.71,FQAXDSVNYVVQSE-UHFFFAOYSA-N
,EDO,"1,2-ETHANEDIOL",C2 H6 O2,62.07,LYCAIKOWRPUZTN-UHFFFAOYSA-N
,N9S,4-O-ALPHA-D-GLUCOPYRANOSYL-BETA-D-GLUCOPYRANOSE,C12 H22 O11,342.3,GUBGYTABKSRVRQ-QUYVBRFLSA-N
,DGV,"1-BENZYL-N-{3-[4-(2,6-DICHLOROPHENYL)PIPERIDIN-1-YL]PROPYL}-D-PROLINAMIDE",C26 H33 CL2 N3 O,474.47,UWHDLFOAIARROU-XMMPIXPASA-N
,DGW,"(5S,7S)-7-{[4-(2,6-DICHLOROPHENYL)PIPERIDIN-1-YL]METHYL}-1-METHYL-6,7,8,9-TETRAHYDRO-5H-BENZO[7]ANNULEN-5-OL",C24 H29 CL2 N O,418.4,OHRDCQFCAWLDBP-SBUREZEXSA-N
,EDT,{[-(BIS-CARBOXYMETHYL-AMINO)-ETHYL]-CARBOXYMETHYL-AMINO}-ACETIC ACID,C10 H16 N2 O8,292.24,KCXVZYZYPLLWCC-UHFFFAOYSA-N
,PG6,1-(2-METHOXY-ETHOXY)-2-{2-[2-(2-METHOXY-ETHOXY]-ETHOXY}-ETHANE,C12 H26 O6,266.33,DMDPGPKXQDIQQG-UHFFFAOYSA-N
,5MV,"3-[[4-[(1~{S})-1-[3-[3,5-BIS(CHLORANYL)PHENYL]-5-(6-METHOXYNAPHTHALEN-2-YL)PYRAZOL-1-YL]ETHYL]PHENYL]CARBONYLAMINO]PROPANOIC ACID",C32 H27 CL2 N3 O4,588.48,DNTVJEMGHBIUMW-IBGZPJMESA-N
,PE5,"3,6,9,12,15,18,21,24-OCTAOXAHEXACOSAN-1-OL",C18 H38 O9,398.49,CUDPPTPIUWYGFI-UHFFFAOYSA-N
,GDP,GUANOSINE-5'-DIPHOSPHATE,C10 H15 N5 O11 P2,443.2,QGWNDRXFNXRZMB-UUOKFMHZSA-N
,6DY,"2-(FURAN-2-YL)-N~5~-[2-(4-PHENYLPIPERIDIN-1-YL)ETHYL][1,2,4]TRIAZOLO[1,5-A][1,3,5]TRIAZINE-5,7-DIAMINE",C21 H24 N8 O,404.47,WUOOFKSGLYZAKD-UHFFFAOYSA-N
,6DZ,"2-(FURAN-2-YL)-N~5~-[2-(4-METHYLPIPERAZIN-1-YL)ETHYL][1,2,4]TRIAZOLO[1,5-A][1,3,5]TRIAZINE-5,7-DIAMINE",C15 H21 N9 O,343.39,NLHRMBTYEDTOKC-UHFFFAOYSA-N
,6DX,"2-(FURAN-2-YL)-N~5~-[3-(4-PHENYLPIPERAZIN-1-YL)PROPYL][1,2,4]TRIAZOLO[1,5-A][1,3,5]TRIAZINE-5,7-DIAMINE",C21 H25 N9 O,419.48,ATLUGIZVRICDDK-UHFFFAOYSA-N
,6DV,"N~5~-{2-[4-(2,4-DIFLUOROPHENYL)PIPERAZIN-1-YL]ETHYL}-2-(FURAN-2-YL)[1,2,4]TRIAZOLO[1,5-A][1,3,5]TRIAZINE-5,7-DIAMINE",C20 H21 F2 N9 O,441.44,NJQVZARFMYPNOT-UHFFFAOYSA-N
,IOD,IODIDE ION,I -1,126.9,XMBWDFGMSWQBCA-UHFFFAOYSA-M
,6XQ,"(3~{S})-3-CYCLOPROPYL-3-[2-[1-[2-[2,2-DIMETHYLPROPYL-(6-METHYLPYRIDIN-2-YL)CARBAMOYL]-5-METHOXY-PHENYL]PIPERIDIN-4-YL]-1-BENZOFURAN-6-YL]PROPANOIC ACID",C38 H45 N3 O5,623.78,RJZJYKXHTPUHAO-HKBQPEDESA-N
,VIS,2-CHLORANYL-~{N}-(4-CHLORANYL-3-PYRIDIN-2-YL-PHENYL)-4-METHYLSULFONYL-BENZAMIDE,C19 H14 CL2 N2 O3 S,421.3,BPQMGSKTAYIVFO-UHFFFAOYSA-N
,79K,VERCIRNON,C22 H21 CL N2 O4 S,444.93,JRWROCIMSDXGOZ-UHFFFAOYSA-N
,MLI,MALONATE ION,C3 H2 O4 -2,102.05,OFOBLEOULBTSOW-UHFFFAOYSA-L
,TEP,THEOPHYLLINE,C7 H8 N4 O2,180.16,ZFXYFBGIUFBOJW-UHFFFAOYSA-N
,8JN,"1-BUTYL-3-[(~{E})-3-OXIDANYLPROP-1-ENYL]-8-[(1~{R},5~{S})-3-TRICYCLO[3.3.1.0^{3,7}]NONANYL]-7~{H}-PURINE-2,6-DIONE",C21 H28 N4 O3,384.47,BPTHCTUXQADTJT-ZKQWZTGNSA-N
,8K8,"1-BUTYL-3-(3-OXIDANYLPROPYL)-8-[(1~{R},5~{S})-3-TRICYCLO[3.3.1.0^{3,7}]NONANYL]-7~{H}-PURINE-2,6-DIONE",C21 H30 N4 O3,386.49,CIBIXJYFYPFMTN-FZUGUKJMSA-N
,8TZ,(~{S})-(4-FLUORANYL-2-PROPYL-PHENYL)-(1~{H}-IMIDAZOL-2-YL)METHANOL,C13 H15 F N2 O,234.27,IDFPQEHZYBXIFO-LBPRGKRZSA-N
,8UN,"2-(6-BROMANYL-1,3-BENZODIOXOL-5-YL)-~{N}-(4-CYANOPHENYL)-1-[(1~{S})-1-CYCLOHEXYLETHYL]BENZIMIDAZOLE-5-CARBOXAMIDE",C30 H27 BR N4 O3,571.46,FJAOGFGHTPYADT-SFHVURJKSA-N
,9DK,"3-[2-(1~{H}-IMIDAZOL-4-YL)ETHYLAMINO]-2,2-DIMETHYL-3-OXIDANYLIDENE-PROPANOIC ACID",C10 H15 N3 O3,225.24,OLRNECHDEZIYJP-UHFFFAOYSA-N
,9DQ,"(2~{S})-2-AZANYL-3-(1~{H}-1,2,3,4-TETRAZOL-5-YL)PROPANOIC ACID",C4 H7 N5 O2,157.13,UHDMAEPGMOIEHH-REOHCLBHSA-N
,9DT,(2~{S})-2-AZANYL-3-(2-FLUOROPHENYL)-2-METHYL-PROPANOIC ACID,C10 H12 F N O2,197.21,MXECDVKIKUSSNC-JTQLQIEISA-N
,9DW,(2~{S})-2-AZANYL-3-[4-(2-ETHYL-4-METHOXY-PHENYL)PHENYL]PROPANOIC ACID,C18 H21 N O3,299.36,WLVXKTIBRNXBIF-KRWDZBQOSA-N
,9DZ,"(2~{S})-2-AZANYL-5-(3,5-DIMETHYLPHENYL)PENTANAMIDE",C13 H20 N2 O,220.31,IJXWDSBVULACAL-LBPRGKRZSA-N
,9P2,"1-(1,3-BENZODIOXOL-5-YL)-~{N}-(1,3-BENZODIOXOL-5-YLMETHYL)-~{N}-[(3-BUTYL-2,5-DIPHENYL-IMIDAZOL-4-YL)METHYL]METHANAMINE",C36 H35 N3 O4,573.68,ITACCRHKSPSKKL-UHFFFAOYSA-N
,SCN,THIOCYANATE ION,C N S -1,58.08,ZMZDMBWJUHKJPS-UHFFFAOYSA-M
,9XT,"3-[(4-AZANYL-3-METHYL-PHENYL)METHYL]-7-(FURAN-2-YL)-[1,2,3]TRIAZOLO[4,5-D]PYRIMIDIN-5-AMINE",C16 H15 N7 O,321.34,HQSBCDPYXDGTCL-UHFFFAOYSA-N
,9XW,"~{N}-(4-METHOXY-7-MORPHOLIN-4-YL-1,3-BENZOTHIAZOL-2-YL)-4-METHYL-4-OXIDANYL-PIPERIDINE-1-CARBOXAMIDE",C19 H26 N4 O4 S,406.5,XNBRWUQWSKXMPW-UHFFFAOYSA-N
,9Y2,"4-(3,3-DIMETHYLBUTANOYLAMINO)-3,5-BIS(FLUORANYL)-~{N}-(1,3-THIAZOL-2-YL)BENZAMIDE",C16 H17 F2 N3 O2 S,353.39,KEUJAGGJGBWRFC-UHFFFAOYSA-N
,TCE,"3,3',3''-PHOSPHANETRIYLTRIPROPANOIC ACID",C9 H15 O6 P,250.19,PZBFGYYEXUXCOF-UHFFFAOYSA-N
,73R,"(3S)-1-{(1S,2R,4R)-4-[METHYL(PROPAN-2-YL)AMINO]-2-PROPYLCYCLOHEXYL}-3-{[6-(TRIFLUOROMETHYL)QUINAZOLIN-4-YL]AMINO}PYRROLIDIN-2-ONE",C26 H36 F3 N5 O,491.59,NUJWKQSEJDYCDB-GNRVTEMESA-N
,VT5,(2~{R})-1-(4-CHLORANYL-2-FLUORANYL-PHENYL)-2-CYCLOHEXYL-3-ETHANOYL-4-OXIDANYL-2~{H}-PYRROL-5-ONE,C18 H19 CL F N O3,351.8,VQNLJXWZGVRLBA-MRXNPFEDSA-N
,7AB,"(2E)-{(4E)-4-[(3E)-4-(2,6,6-TRIMETHYLCYCLOHEX-1-EN-1-YL)BUT-3-EN-2-YLIDENE]CYCLOHEX-2-EN-1-YLIDENE}ACETALDEHYDE",C21 H28 O,296.45,QLEXUFWJSPRFOP-LCYNHIKNSA-N
,FMN,FLAVIN MONONUCLEOTIDE,C17 H21 N4 O9 P,456.34,FVTCRASFADXXNN-SCRDCRAPSA-N
,ZDG,"4-[4-[2-(2,4-DICHLOROPHENYL)-4-METHYL-5-(PIPERIDIN-1-YLCARBAMOYL)PYRAZOL-3-YL]PHENYL]BUT-3-YNYL NITRATE",C26 H25 CL2 N5 O4,542.41,KXXKUWQMQUYUSE-UHFFFAOYSA-N
,7LD,"(8ALPHA)-N,N-DIETHYL-6-METHYL-9,10-DIDEHYDROERGOLINE-8-CARBOXAMIDE",C20 H25 N3 O,323.43,VAYOSLLFUXYJDT-RDTXWAMCSA-N
,MK6,"(5AR,6S,6AS)-3-({2',6'-DIMETHYL-4'-[3-(METHYLSULFONYL)PROPOXY][1,1'-BIPHENYL]-3-YL}METHOXY)-5,5A,6,6A-TETRAHYDROCYCLOPROPA[4,5]CYCLOPENTA[1,2-C]PYRIDINE-6-CARBOXYLIC ACID",C29 H31 N O6 S,521.62,CODQKEMYZZKQAE-QPVYNBJUSA-N
,7OS,"(2S,3R)-3-CYCLOPROPYL-3-[(2R)-2-(1-{(1S)-1-[5-FLUORO-2-(TRIFLUOROMETHOXY)PHENYL]ETHYL}PIPERIDIN-4-YL)-3,4-DIHYDRO-2H-1-BENZOPYRAN-7-YL]-2-METHYLPROPANOIC ACID",C30 H35 F4 N O4,549.6,ADYYYLTWZYYGNX-LJYIQKJHSA-N
,7DY,"N-[(2S,3S)-4-(4-CHLOROPHENYL)-3-(3-CYANOPHENYL)BUTAN-2-YL]-2-METHYL-2-{[5-(TRIFLUOROMETHYL)PYRIDIN-2-YL]OXY}PROPANAMIDE",C27 H25 CL F3 N3 O2,515.96,QLYKJCMUNUWAGO-GAJHUEQPSA-N
,DU1,"4-{[3-(8-CYCLOHEXYL-2,6-DIOXO-1-PROPYL-1,2,6,7-TETRAHYDRO-3H-PURIN-3-YL)PROPYL]CARBAMOYL}BENZENE-1-SULFONYL FLUORIDE",C24 H30 F N5 O5 S,519.59,KAJVJPLKXGLLDA-UHFFFAOYSA-N
,8D1,"5-AMINO-N-[(2-METHOXYPHENYL)METHYL]-2-(3-METHYLPHENYL)-2H-1,2,3-TRIAZOLE-4-CARBOXIMIDAMIDE",C18 H20 N6 O,336.39,UJHUYWLZLDBDSR-UHFFFAOYSA-N
,8ES,"N-BENZYL-N-(2-ETHYL-4-OXO-3-{[2'-(2H-TETRAZOL-5-YL)[1,1'-BIPHENYL]-4-YL]METHYL}-3,4-DIHYDROQUINAZOLIN-6-YL)THIOPHENE-2-CARBOXAMIDE",C36 H29 N7 O2 S,623.73,KDPHUUTUDFDLBT-UHFFFAOYSA-N
,8EM,"N-[(FURAN-2-YL)METHYL]-N-(4-OXO-2-PROPYL-3-{[2'-(2H-TETRAZOL-5-YL)[1,1'-BIPHENYL]-4-YL]METHYL}-3,4-DIHYDROQUINAZOLIN-6-YL)BENZAMIDE",C37 H31 N7 O3,621.69,SYDVEZUPFQXMSM-UHFFFAOYSA-N
,89F,"1-METHYL-4-[(5~{S})-3-METHYLSULFANYL-5,6-DIHYDROBENZO[B][1]BENZOTHIEPIN-5-YL]PIPERAZINE",C20 H24 N2 S2,356.55,RLJFTICUTYVZDG-SFHVURJKSA-N
,836,N-METHYL-N-[1-[4-(2-METHYLPYRAZOL-3-YL)PHTHALAZIN-1-YL]PIPERIDIN-4-YL]-4-NITRO-2-(TRIFLUOROMETHYL)BENZAMIDE,C26 H24 F3 N7 O3,539.51,ZDEZQXNVPSUJHK-UHFFFAOYSA-N
,200,4-CHLORO-L-PHENYLALANINE,C9 H10 CL N O2,199.63,NIGWMJHCCYYCSF-QMMMGPOBSA-N
,ALC,2-AMINO-3-CYCLOHEXYL-PROPIONIC ACID,C9 H17 N O2,171.24,ORQXBVXKBGUSBA-QMMMGPOBSA-N
,HRG,L-HOMOARGININE,C7 H16 N4 O2,188.23,QUOGESRFPZDMMT-YFKPBYRVSA-N
,NLE,NORLEUCINE,C6 H13 N O2,131.17,LRQKBLKVPFOOQJ-YFKPBYRVSA-N
,OIC,OCTAHYDROINDOLE-2-CARBOXYLIC ACID,C9 H15 N O2,169.22,CQYBNXGHMBNGCG-FXQIFTODSA-N
,97Y,"N-{4-[(R)-(3,3-DIMETHYLCYCLOBUTYL)({6-[4-(TRIFLUOROMETHYL)-1H-IMIDAZOL-1-YL]PYRIDIN-3-YL}AMINO)METHYL]BENZENE-1-CARBONYL}-BETA-ALANINE",C26 H28 F3 N5 O3,515.53,MYZIDYJMNWEJMC-QHCPKHFHSA-N
,CSD,3-SULFINOALANINE,C3 H7 N O4 S,153.16,ADVPTQAUNPRNPO-REOHCLBHSA-N
,97V,4-{[(4-CYCLOHEXYLPHENYL){[3-(METHYLSULFONYL)PHENYL]CARBAMOYL}AMINO]METHYL}-N-(1H-TETRAZOL-5-YL)BENZAMIDE,C29 H31 N7 O4 S,573.67,PPTKULJUDJWTSA-UHFFFAOYSA-N
,SEP,PHOSPHOSERINE,C3 H8 N O6 P,185.07,BZQFBWGGLXLEPQ-REOHCLBHSA-N
,TPO,PHOSPHOTHREONINE,C4 H10 N O6 P,199.1,USRGIUJOYOXOQJ-GBXIJSLDSA-N
,AQD,NEMONAPRIDE,C21 H26 CL N3 O2,387.9,KRVOJOCLBAAKSJ-RDTXWAMCSA-N
,7MA,N-ETHYL-2-[(6-METHOXYPYRIDIN-3-YL)-(2-METHYLPHENYL)SULFONYL-AMINO]-N-(PYRIDIN-3-YLMETHYL)ETHANAMIDE,C23 H26 N4 O4 S,454.54,KJPHTXTWFHVJIG-UHFFFAOYSA-N
,8VS,4-CARBAMOYL-N-[(2R)-2-CYCLOHEXYL-2-PHENYLACETYL]-L-PHENYLALANYL-3-BROMO-N-METHYL-L-PHENYLALANINAMIDE,C34 H39 BR N4 O4,647.6,MZHSBVCCCRUZKX-DTXPUJKBSA-N
,K87,"3-[6-[(4-TERT-BUTYLPHENYL)SULFONYLAMINO]-5-(2-METHOXYPHENOXY)-2-PYRIMIDIN-2-YL-PYRIMIDIN-4-YL]OXY-N-(2,6-DIMETHYLPHENYL)PROPANAMIDE",C36 H38 N6 O6 S,682.79,MTNFANNLCUMCNB-UHFFFAOYSA-N
,SAR,SARCOSINE,C3 H7 N O2,89.09,FSYKKLYZXJSNPZ-UHFFFAOYSA-N
,K86,4-TERT-BUTYL-N-[6-(2-HYDROXYETHYLOXY)-5-(2-METHOXYPHENOXY)-2-PYRIMIDIN-2-YL-PYRIMIDIN-4-YL]BENZENESULFONAMIDE,C27 H29 N5 O6 S,551.61,GJPICJJJRGTNOD-UHFFFAOYSA-N
,8D0,"(6AR,9R,10AR)-3-(8-AZANYL-2-METHYL-OCTAN-2-YL)-9-(HYDROXYMETHYL)-6,6-DIMETHYL-6A,7,8,9,10,10A-HEXAHYDROBENZO[C]CHROMEN-1-OL",C25 H41 N O3,403.6,IMRFQPBRZWXESL-MISYRCLQSA-N
,8D3,"(6AR,10AR)-3-(8-BROMANYL-2-METHYL-OCTAN-2-YL)-6,6,9-TRIMETHYL-6A,7,10,10A-TETRAHYDROBENZO[C]CHROMEN-1-OL",C25 H37 BR O2,449.46,SZDVFUZKFPGYEK-WOJBJXKFSA-N
,8VL,4-[2-[[(2R)-2-(4-BROMANYLNAPHTHALEN-1-YL)PROPANOYL]AMINO]-4-CYANO-PHENYL]BUTANOIC ACID,C24 H21 BR N2 O3,465.34,MCJIJRUBPRBSIT-OAHLLOKOSA-N
,7UR,4-[4-CYANO-2-[[(2R)-2-(4-FLUORANYLNAPHTHALEN-1-YL)PROPANOYL]AMINO]PHENYL]BUTANOIC ACID,C24 H21 F N2 O3,404.43,MTDIMKNAJUQTIO-OAHLLOKOSA-N
,9AF,"DIMETHYL 4-{3-[({3-[4-(3-METHOXYPHENYL)PIPERIDIN-1-YL]PROPYL}CARBAMOYL)AMINO]PHENYL}-2,6-DIMETHYL-1,4-DIHYDROPYRIDINE-3,5-DICARBOXYLATE",C33 H42 N4 O6,590.71,WMYSXJSJXZFODY-UHFFFAOYSA-N
,9AO,N~2~-(DIPHENYLACETYL)-N-[(4-HYDROXYPHENYL)METHYL]-N~5~-(N'-{[2-(PROPANOYLAMINO)ETHYL]CARBAMOYL}CARBAMIMIDOYL)-D-ORNITHINAMIDE,C33 H41 N7 O5,615.72,VQHNWOOVOKYJNL-HHHXNRCGSA-N
,9EC,"(1R,2R,4S,5S,7S)-7-({[4-FLUORO-2-(THIOPHEN-2-YL)PHENYL]CARBAMOYL}OXY)-9,9-DIMETHYL-3-OXA-9-AZATRICYCLO[3.3.1.0~2,4~]NONAN-9-IUM",C20 H22 F N2 O3 S 1,389.46,YBYUWXNCRPKGOH-ADYDWEGLSA-O
,82F,"N-[2-[(2S)-2-[(DIPROPYLAMINO)METHYL]PIPERIDIN-1-YL]ETHYL]-6-OXIDANYLIDENE-5H-PYRIDO[2,3-B][1,4]BENZODIAZEPINE-11-CARBOXAMIDE",C27 H38 N6 O2,478.63,MZDYABXXPZNUCT-NRFANRHFSA-N
,9ER,"N1,N1-DIMETHYL-N2-[(PYRIDIN-3-YL)METHYL]-N2-{4-[2,4,6-TRI(PROPAN-2-YL)PHENYL]-1,3-THIAZOL-2-YL}ETHANE-1,2-DIAMINE",C28 H40 N4 S,464.71,VVBFISAUNSXQGZ-UHFFFAOYSA-N
,9EU,"4-ETHYNYL-3-{3-FLUORO-4-[(2-METHYL-1H-IMIDAZO[4,5-C]PYRIDIN-1-YL)METHYL]BENZENE-1-CARBONYL}-N,N-DIMETHYL-1H-INDOLE-1-CARBOXAMIDE",C28 H22 F N5 O2,479.51,GDLNHSUSOZEAOR-UHFFFAOYSA-N
,P2E,"(Z)-7-[(1R,2R,3R)-3-HYDROXY-2-[(E,3S)-3-HYDROXYOCT-1-ENYL]-5-OXO-CYCLOPENTYL]HEPT-5-ENOIC ACID",C20 H32 O5,352.46,XEYBRNLFEZDVAW-ARSRFYASSA-N
,POV,(2S)-3-(HEXADECANOYLOXY)-2-[(9Z)-OCTADEC-9-ENOYLOXY]PROPYL 2-(TRIMETHYLAMMONIO)ETHYL PHOSPHATE,C42 H82 N O8 P,760.08,WTJKGGKOPKCXLL-PFDVCBLKSA-N
,A4R,"N-[(1S)-3-{(3-EXO)-3-[3-METHYL-5-(PROPAN-2-YL)-4H-1,2,4-TRIAZOL-4-YL]-8-AZABICYCLO[3.2.1]OCTAN-8-YL}-1-(THIOPHEN-2-YL)PROPYL]CYCLOPENTANECARBOXAMIDE",C26 H39 N5 O S,469.69,FKHCEPANSGYZPM-BJESRGMDSA-N
,NO3,NITRATE ION,N O3 -1,62.01,NHNBFGGVMKEFGY-UHFFFAOYSA-N
,A4X,"4,4-DIFLUORO-N-[(1S)-3-{(3-EXO)-3-[3-METHYL-5-(PROPAN-2-YL)-4H-1,2,4-TRIAZOL-4-YL]-8-AZABICYCLO[3.2.1]OCTAN-8-YL}-1-(THIOPHEN-3-YL)PROPYL]CYCLOHEXANE-1-CARBOXAMIDE",C27 H39 F2 N5 O S,519.69,KESMRFWRGXZDEF-KIHHCIJBSA-N
,CVV,"N-[(5ALPHA,6BETA)-17-(CYCLOPROPYLMETHYL)-3-HYDROXY-7,8-DIDEHYDRO-4,5-EPOXYMORPHINAN-6-YL]-3-IODOBENZAMIDE",C27 H27 I N2 O3,554.42,WTIFKSFIQUZRRN-JXGKSYOJSA-N
,E2J,"6-(2-{4-[BIS(4-FLUOROPHENYL)METHYLIDENE]PIPERIDIN-1-YL}ETHYL)-7-METHYL-5H-[1,3]THIAZOLO[3,2-A]PYRIMIDIN-5-ONE",C27 H25 F2 N3 O S,477.57,JUQLTPCYUFPYKE-UHFFFAOYSA-N
,ORN,L-ORNITHINE,C5 H12 N2 O2,132.16,AHLPHDHHMVZTML-BYPYZUCNSA-N
,ZAL,3-CYCLOHEXYL-D-ALANINE,C9 H17 N O2,171.24,ORQXBVXKBGUSBA-MRVPVSSYSA-N
,EFD,AVACOPAN,C33 H35 F4 N3 O2,581.64,PUKBOVABABRILL-YZNIXAGQSA-N
,8NU,"3-[2-[4-(6-FLUORANYL-1,2-BENZOXAZOL-3-YL)PIPERIDIN-1-YL]ETHYL]-2-METHYL-6,7,8,9-TETRAHYDROPYRIDO[1,2-A]PYRIMIDIN-4-ONE",C23 H27 F N4 O2,410.48,RAPZEAPATHNIPO-UHFFFAOYSA-N
,FSY,FEVIPIPRANT,C19 H17 F3 N2 O4 S,426.41,GFPPXZDRVCSVNR-UHFFFAOYSA-N
,PGO,"S-1,2-PROPANEDIOL",C3 H8 O2,76.09,DNIAPMSPPWPWGF-VKHMYHEASA-N
,FT4,"[(3R)-3-{[(4-FLUOROPHENYL)SULFONYL](METHYL)AMINO}-1,2,3,4-TETRAHYDRO-9H-CARBAZOL-9-YL]ACETIC ACID",C21 H21 F N2 O4 S,416.47,CANCTKXGRVNXFP-OAHLLOKOSA-N
,DAL,D-ALANINE,C3 H7 N O2,89.09,QNAYBMKLOCPYGJ-UWTATZPHSA-N
,ETA,ETHANOLAMINE,C2 H7 N O,61.08,HZAXFHJVJLSVMW-UHFFFAOYSA-N
,MEA,N-METHYLPHENYLALANINE,C10 H13 N O2,179.22,SCIFESDRCALIIM-VIFPVBQESA-N
,H8G,"N,N-DIETHYL-N'-[(8ALPHA)-6-METHYL-9,10-DIDEHYDROERGOLIN-8-YL]UREA",C20 H26 N4 O,338.45,BKRGVLQUQGGVSM-KBXCAEBGSA-N
,H8D,"(8BETA)-N-[(2S)-1-HYDROXYBUTAN-2-YL]-6-METHYL-9,10-DIDEHYDROERGOLINE-8-CARBOXAMIDE",C20 H25 N3 O2,339.43,UNBRKDKAWYKMIV-QWQRMKEZSA-N
,H8J,"(8ALPHA)-N-[(2S)-1-HYDROXYBUTAN-2-YL]-1,6-DIMETHYL-9,10-DIDEHYDROERGOLINE-8-CARBOXAMIDE",C21 H27 N3 O2,353.46,KPJZHOPZRAFDTN-ZRGWGRIASA-N
,H8M,"(1S)-1-[(2-CHLORO-3,4-DIMETHOXYPHENYL)METHYL]-6-METHYL-2,3,4,9-TETRAHYDRO-1H-BETA-CARBOLINE",C21 H23 CL N2 O2,370.87,NJLHHCITDFZZSE-KRWDZBQOSA-N
,L76,"1-(4-{[(2R,3S)-2-{(1R)-1-[3,5-BIS(TRIFLUOROMETHYL)PHENYL]ETHOXY}-3-(4-FLUOROPHENYL)MORPHOLIN-4-YL]METHYL}-1H-1,2,3-TRIAZOL-5-YL)-N,N-DIMETHYLMETHANAMINE",C26 H28 F7 N5 O2,575.52,USRYEHHMJIRICK-ZNZBMKLDSA-N
,D7W,1-(3-CHLOROPHENYL)-3-(3-METHYL-5-OXIDANYLIDENE-4~{H}-IMIDAZOL-2-YL)UREA,C11 H11 CL N4 O2,266.68,DWPQODZAOSWNHB-UHFFFAOYSA-N
,D8B,2-[2-(3-METHOXYPHENYL)ETHYNYL]-6-METHYL-PYRIDINE,C15 H13 N O,223.27,STDHINPODVHROK-UHFFFAOYSA-N
,ACY,ACETIC ACID,C2 H4 O2,60.05,QTBSBXVTEAMEQO-UHFFFAOYSA-N
,FUC,ALPHA-L-FUCOSE,C6 H12 O5,164.16,SHZGCJCMOBCMKK-SXUWKVJYSA-N
,AC5,1-AMINOCYCLOPENTANECARBOXYLIC ACID,C6 H11 N O2,129.16,NILQLFBWTXNUOE-UHFFFAOYSA-N
,AIB,ALPHA-AMINOISOBUTYRIC ACID,C4 H9 N O2,103.12,FUOOLUPWFVMBKG-UHFFFAOYSA-N
,DOK,"(2~{S})-2-(4-CHLOROPHENYL)-3-METHYL-1-SPIRO[1,3-BENZODIOXOLE-2,4'-PIPERIDINE]-1'-YL-BUTAN-1-ONE",C22 H24 CL N O3,385.88,UDAMUOKENMUCKG-FQEVSTJZSA-N
,DO5,"(2~{R},3~{R})-2-(4-CHLOROPHENYL)-3-OXIDANYL-1-SPIRO[1,3-BENZODIOXOLE-2,4'-PIPERIDINE]-1'-YL-BUTAN-1-ONE",C21 H22 CL N O4,387.86,GYIGPNZLXGKQBD-KUHUBIRLSA-N
,DNZ,"(2~{R},3~{S})-3-AZANYL-2-(4-CHLOROPHENYL)-1-SPIRO[1,3-BENZODIOXOLE-2,4'-PIPERIDINE]-1'-YL-BUTAN-1-ONE",C21 H23 CL N2 O3,386.87,WRVOICVPIQQYTO-LIRRHRJNSA-N
,DNK,"(2~{S})-3-METHYL-2-PHENYL-1-SPIRO[1,3-BENZODIOXOLE-2,4'-PIPERIDINE]-1'-YL-BUTAN-1-ONE",C22 H25 N O3,351.44,RWIUNGUJHWADDD-FQEVSTJZSA-N
,DN5,"(2~{S})-2-(3,4-DICHLOROPHENYL)-3-METHYL-1-SPIRO[1,3-BENZODIOXOLE-2,4'-PIPERIDINE]-1'-YL-BUTAN-1-ONE",C22 H23 CL2 N O3,420.33,QFUKMLGGPINITQ-FQEVSTJZSA-N
,DLH,"2-(4-CHLOROPHENYL)-1-SPIRO[1,3-BENZODIOXOLE-2,4'-PIPERIDINE]-1'-YL-ETHANONE",C19 H18 CL N O3,343.8,FYEGABNDKDAYPJ-UHFFFAOYSA-N
,DLB,"3-[1'-[(2~{S})-2-(4-CHLOROPHENYL)-3-METHYL-BUTANOYL]SPIRO[1,3-BENZODIOXOLE-2,4'-PIPERIDINE]-5-YL]PROPANOIC ACID",C25 H28 CL N O5,457.95,OHAKQPWAEANPAJ-QHCPKHFHSA-N
,DL2,"5-CHLORANYL-2-(2-OXIDANYLIDENE-2-SPIRO[1,3-BENZODIOXOLE-2,4'-PIPERIDINE]-1'-YL-ETHYL)-3~{H}-PYRIDIN-6-ONE",C18 H17 CL N2 O4,360.79,PBLFEEIOVIDZSW-UHFFFAOYSA-N
,EP5,2-[5-[2-[4-(4-CYANOPHENYL)PIPERAZIN-1-YL]-2-OXIDANYLIDENE-ETHOXY]-1~{H}-INDOL-3-YL]ETHYLAZANIUM,C23 H26 N5 O2 1,404.48,SOHCKWZVTCTQBG-UHFFFAOYSA-O
,F7N,"[(3~{S},4~{S})-3-METHOXYOXAN-4-YL]-[(1~{R},3~{S})-3-PROPAN-2-YL-3-[[3-(TRIFLUOROMETHYL)-7,8-DIHYDRO-5~{H}-1,6-NAPHTHYRIDIN-6-YL]CARBONYL]CYCLOPENTYL]AZANIUM",C24 H35 F3 N3 O3 1,470.55,MTMDXAIUENDNDL-RJSMDTJLSA-O
,FVK,~{N}-[2-[[(2~{S})-2-OXIDANYL-3-(4-OXIDANYLPHENOXY)PROPYL]AMINO]ETHYL]MORPHOLINE-4-CARBOXAMIDE,C16 H25 N3 O5,339.39,DXPOSRCHIDYWHW-AWEZNQCLSA-N
,H98,~{N}-[5-[(1~{R})-2-[[(2~{R})-1-(4-METHOXYPHENYL)PROPAN-2-YL]AMINO]-1-OXIDANYL-ETHYL]-2-OXIDANYL-PHENYL]METHANAMIDE,C19 H24 N2 O4,344.4,BPZSYCZIITTYBL-YJYMSZOUSA-N
,A8X,"3-[(3R)-3-[(4-FLUOROPHENYL)SULFONYLAMINO]-1,2,3,4-TETRAHYDROCARBAZOL-9-YL]PROPANOIC ACID",C21 H21 F N2 O4 S,416.47,LDXDSHIEDAPSSA-OAHLLOKOSA-N
,A90,2-[4-[2-[(4-CHLOROPHENYL)SULFONYLAMINO]ETHYL]PHENYL]ETHANOIC ACID,C16 H16 CL N O4 S,353.82,IULOBWFWYDMECP-UHFFFAOYSA-N
,J9P,"(11ALPHA,12ALPHA,13E,16S)-11,16-DIHYDROXY-16-METHYL-9-OXOPROST-13-EN-1-OIC ACID",C21 H36 O5,368.51,CNWGPXZGIIOYDL-AGRNYGATSA-N
,A2G,N-ACETYL-2-DEOXY-2-AMINO-GALACTOSE,C8 H15 N O6,221.21,OVRNDRQMDRJTHS-CBQIKETKSA-N
,TYS,O-SULFO-L-TYROSINE,C9 H11 N O6 S,261.25,CIQHWLTYGMYQQR-QMMMGPOBSA-N
,K5Y,SALMETEROL,C25 H37 N O4,415.57,GIIZNNXWQWCKIB-VWLOTQADSA-N
,MG,MAGNESIUM ION,MG 2,24.31,JLVVSXFLKOJNIY-UHFFFAOYSA-N
,NI,NICKEL (II) ION,NI 2,58.69,VEQPNABPJHWNSG-UHFFFAOYSA-N
,P33,"3,6,9,12,15,18-HEXAOXAICOSANE-1,20-DIOL",C14 H30 O8,326.38,XPJRQAIZZQMSCM-UHFFFAOYSA-N