6MXT,311
6MET,310
6MEO,309
6M9T,308
6IIV,307
6IIU,306
6IGL,305
6IGK,304
6IBL,303
6H7O,302
6H7N,301
6H7M,300
6H7L,299
6H7J,298
6GPX,297
6GPS,296
6GDG,295
6G79,294
6FUF,293
6FKD,292
6FKC,291
6FKB,290
6FKA,289
6FK9,288
6FK8,287
6FK7,286
6FK6,285
6FJ3,284
6FFI,283
6FFH,282
6E59,281
6E3Y,280
6DS0,279
6DRZ,278
6DRY,277
6DRX,276
6DDF,275
6DDE,274
6D9H,273
6D27,272
6D26,271
6CMO,270
6CM4,269
6C1R,268
6C1Q,267
6BQH,266
6BQG,265
6BD4,264
6B73,263
6B3J,262
6AQF,261
6AKY,260
6AKX,259
6AK3,258
5ZKQ,257
5ZKP,256
5ZKC,255
5ZKB,254
5ZK8,253
5ZK3,252
5ZHP,251
5ZBQ,250
5ZBH,249
5YWY,248
5YQZ,247
5YHL,246
5YC8,245
5XRA,244
5XR8,243
5XPR,242
5XJM,241
5XF1,240
5XEZ,239
5X93,238
5X7D,237
5WS3,236
5WQC,235
5WKT,234
5WIV,233
5WIU,232
5WF6,231
5WF5,230
5WB2,229
5WB1,228
5W0P,227
5VRA,226
5VEX,225
5VEW,224
5VBL,223
5VAI,222
5V57,221
5V56,220
5V54,219
5UZ7,218
5UVI,217
5UNH,216
5UNG,215
5UNF,214
5UIW,213
5UIG,212
5UEN,211
5U09,210
5TZY,209
5TZR,208
5TVN,207
5TUD,206
5TGZ,205
5TE5,204
5TE3,203
5T1A,202
5T04,201
5OM4,200
5OM1,199
5OLZ,198
5OLV,197
5OLO,196
5OLH,195
5OLG,194
5O9H,193
5NX2,192
5NM4,191
5NM2,190
5NLX,189
5NJ6,188
5NDZ,187
5NDD,186
5N2S,185
5N2R,184
5MZP,183
5MZJ,182
5LWE,181
5L7I,180
5L7D,179
5KW2,178
5K2D,177
5K2C,176
5K2B,175
5K2A,174
5JTB,173
5JQH,172
5IUB,171
5IUA,170
5IU8,169
5IU7,168
5IU4,167
5GLI,166
5GLH,165
5G53,164
5F8U,163
5EN0,162
5EE7,161
5DYS,160
5DSG,159
5DHH,158
5DHG,157
5DGY,156
5D6L,155
5D5B,154
5D5A,153
5CXV,152
5CGD,151
5CGC,150
5C1M,149
5A8E,148
4ZWJ,147
4ZUD,146
4ZJC,145
4ZJ8,144
4Z9G,143
4Z36,142
4Z35,141
4Z34,140
4YAY,139
4XT3,138
4XT1,137
4XNW,136
4XNV,135
4XES,134
4XEE,133
4X1H,132
4WW3,131
4UHR,130
4UG2,129
4U16,128
4U15,127
4U14,126
4S0V,125
4RWS,124
4RWD,123
4RWA,122
4QKX,121
4QIN,120
4QIM,119
4PY0,118
4PXZ,117
4PXF,116
4PHU,115
4OR2,114
4OO9,113
4O9R,112
4NTJ,111
4NC3,110
4N6H,109
4N4W,108
4MQT,107
4MQS,106
4MBS,105
4LDO,104
4LDL,103
4LDE,102
4L6R,101
4K5Y,100
4JKV,99
4J4Q,98
4IB4,97
4IAR,96
4IAQ,95
4GRV,94
4GPO,93
4GBR,92
4EJ4,91
4EIY,90
4EA3,89
4DKL,88
4DJH,87
4DAJ,86
4BWB,85
4BVN,84
4BV0,83
4BUO,82
4BEZ,81
4BEY,80
4AMJ,79
4AMI,78
4A4M,77
3ZPR,76
3ZPQ,75
3ZEV,74
3VW7,73
3VGA,72
3VG9,71
3V2Y,70
3V2W,69
3UZC,68
3UZA,67
3UON,66
3SN6,65
3RZE,64
3RFM,63
3REY,62
3QAK,61
3PXO,60
3PWH,59
3PQR,58
3PDS,57
3PBL,56
3P0G,55
3OE9,54
3OE8,53
3OE6,52
3OE0,51
3ODU,50
3OAX,49
3NYA,48
3NY9,47
3NY8,46
3KJ6,45
3EML,44
3DQB,43
3D4S,42
3CAP,41
3C9M,40
3C9L,39
3AYN,38
3AYM,37
2ZIY,36
2Z73,35
2YDV,34
2YDO,33
2YCZ,32
2YCY,31
2YCX,30
2YCW,29
2Y04,28
2Y03,27
2Y02,26
2Y01,25
2Y00,24
2X72,23
2VT4,22
2RH1,21
2R4S,20
2R4R,19
2PED,18
2LNL,17
2KSB,16
2KSA,15
2KS9,14
2J4Y,13
2I37,12
2I36,11
2I35,10
2HPY,9
2G87,8
1U19,7
1LN6,6
1L9H,5
1JFP,4
1HZX,3
1GZM,2
1F88,1
