P33,267
NI,266
MG,265
K5Y,264
TYS,263
A2G,262
J9P,261
A90,260
A8X,259
H98,258
FVK,257
F7N,256
EP5,255
DL2,254
DLB,253
DLH,252
DN5,251
DNK,250
DNZ,249
DO5,248
DOK,247
AIB,246
AC5,245
FUC,244
ACY,243
D8B,242
D7W,241
L76,240
H8M,239
H8J,238
H8D,237
H8G,236
MEA,235
ETA,234
DAL,233
FT4,232
PGO,231
FSY,230
8NU,229
EFD,228
ZAL,227
ORN,226
E2J,225
CVV,224
A4X,223
NO3,222
A4R,221
POV,220
P2E,219
9EU,218
9ER,217
82F,216
9EC,215
9AO,214
9AF,213
7UR,212
8VL,211
8D3,210
8D0,209
K86,208
SAR,207
K87,206
8VS,205
7MA,204
AQD,203
TPO,202
SEP,201
97V,200
CSD,199
97Y,198
OIC,197
NLE,196
HRG,195
ALC,194
200,193
836,192
89F,191
8EM,190
8ES,189
8D1,188
DU1,187
7DY,186
7OS,185
MK6,184
7LD,183
ZDG,182
FMN,181
7AB,180
VT5,179
73R,178
TCE,177
9Y2,176
9XW,175
9XT,174
SCN,173
9P2,172
9DZ,171
9DW,170
9DT,169
9DQ,168
9DK,167
8UN,166
8TZ,165
8K8,164
8JN,163
TEP,162
MLI,161
79K,160
VIS,159
6XQ,158
IOD,157
6DV,156
6DX,155
6DZ,154
6DY,153
GDP,152
PE5,151
5MV,150
PG6,149
EDT,148
DGW,147
DGV,146
N9S,145
EDO,144
51E,143
51D,142
4VO,141
XTK,140
OLM,139
4OT,138
ON3,137
ON9,136
ON7,135
ZD7,134
PCA,133
SIN,132
2ID,131
BUR,130
FLC,129
NGI,128
3C0,127
TAR,126
P6G,125
SUV,124
NH2,123
DI8,122
DI7,121
35V,120
SG8,119
A8T,118
6AT,117
6AD,116
DMS,115
2YB,114
FM9,113
YCM,112
MES,111
2U8,110
CY8,109
AZJ,108
TRS,107
DGA,106
TLA,105
SNT,104
2CU,103
IXO,102
MRV,101
ALE,100
XQC,99
1WV,98
PGW,97
1Q5,96
PG4,95
1KS,94
ERM,93
2GM,92
EPE,91
EJ4,90
OLB,89
0NN,88
MPG,87
BF0,86
1PE,85
PEG,84
JDC,83
CIT,82
0HK,81
MHA,80
CVD,79
G90,78
3WC,77
XF5,76
GLY,75
VPX,74
LMT,73
ML5,72
T4E,71
T4G,70
QNB,69
CL,68
BGC,67
PO4,66
D7V,65
5EH,64
CFF,63
XAC,62
UKA,61
TRE,60
ERC,59
ETQ,58
P0G,57
GOL,56
DPR,55
CIR,54
ALN,53
ITD,52
ID3,51
4E6,50
JTZ,49
JSZ,48
PGE,47
OLA,46
JRZ,45
ZMA,44
STE,43
TIM,42
OLC,41
BGL,40
PC1,39
TWT,38
NEC,37
ADN,36
I32,35
68H,34
5FW,33
WHJ,32
Y01,31
Y00,30
2CV,29
LPP,28
BOG,27
ACT,26
SOG,25
P32,24
D10,23
SO4,22
MAL,21
CLR,20
CAU,19
BU1,18
ACM,17
12P,16
NDG,15
HTG,14
HTO,13
BNG,12
PLM,11
PEF,10
LDA,9
C8E,8
BMA,7
ACE,6
MAN,5
ZN,4
RET,3
NAG,2
HG,1
